{"cameraMode":{"drawMode":0,"name":"Shaded","section":"Shading Mode"},"sceneLighting":false,"audioPlay":false,"sceneViewState":{"m_AlwaysRefresh":false,"showFog":true,"showSkybox":false,"showFlares":true,"showImageEffects":true,"showParticleSystems":true,"showVisualEffectGraphs":true,"m_FxEnabled":true},"in2DMode":false,"pivot":{"x":0.0299910306930542,"y":-0.10071232914924622,"z":-0.013131141662597657},"rotation":{"x":0.09568332880735398,"y":0.0587957501411438,"z":-0.0058639273047447208,"w":0.9937650561332703},"size":1.5207536220550538,"orthographic":true}