{"cameraMode":{"drawMode":0,"name":"Shaded","section":"Shading Mode"},"sceneLighting":false,"audioPlay":false,"sceneViewState":{"m_AlwaysRefresh":false,"showFog":true,"showSkybox":false,"showFlares":true,"showImageEffects":true,"showParticleSystems":true,"showVisualEffectGraphs":true,"m_FxEnabled":true},"in2DMode":false,"pivot":{"x":0.0006201267242431641,"y":0.11753925681114197,"z":-0.0002276897430419922},"rotation":{"x":0.09568332880735398,"y":0.0587957501411438,"z":-0.0058639273047447208,"w":0.9937650561332703},"size":1.831475853919983,"orthographic":true}