{"cameraMode":{"drawMode":0,"name":"Shaded","section":"Shading Mode"},"sceneLighting":true,"audioPlay":false,"sceneViewState":{"m_AlwaysRefresh":false,"showFog":true,"showSkybox":true,"showFlares":true,"showImageEffects":true,"showParticleSystems":true,"showVisualEffectGraphs":true,"m_FxEnabled":true},"in2DMode":false,"pivot":{"x":1.1920928955078126e-7,"y":0.5769379138946533,"z":-0.08300894498825073},"rotation":{"x":0.13715822994709016,"y":0.3197977840900421,"z":-0.04704597219824791,"w":0.9364385008811951},"size":2.2117323875427248,"orthographic":true}