{"cameraMode":{"drawMode":0,"name":"Shaded","section":"Shading Mode"},"sceneLighting":true,"audioPlay":false,"sceneViewState":{"m_AlwaysRefresh":false,"showFog":true,"showSkybox":true,"showFlares":true,"showImageEffects":true,"showParticleSystems":true,"showVisualEffectGraphs":true,"m_FxEnabled":true},"in2DMode":false,"pivot":{"x":0.2898311913013458,"y":-0.8072866201400757,"z":1.2899408340454102},"rotation":{"x":0.06794897466897965,"y":0.9197224974632263,"z":-0.18461644649505616,"w":0.3399539291858673},"size":7.451131343841553,"orthographic":true}