{"cameraMode":{"drawMode":0,"name":"Shaded","section":"Shading Mode"},"sceneLighting":true,"audioPlay":false,"sceneViewState":{"m_AlwaysRefresh":false,"showFog":true,"showSkybox":true,"showFlares":true,"showImageEffects":true,"showParticleSystems":true,"showVisualEffectGraphs":true,"m_FxEnabled":true},"in2DMode":false,"pivot":{"x":0.36686986684799197,"y":-0.31733137369155886,"z":0.7669670581817627},"rotation":{"x":-0.0022643350530415775,"y":0.9856683611869812,"z":-0.168686181306839,"w":-0.011788480915129185},"size":3.230455160140991,"orthographic":true}