{"cameraMode":{"drawMode":0,"name":"Shaded","section":"Shading Mode"},"sceneLighting":true,"audioPlay":false,"sceneViewState":{"m_AlwaysRefresh":false,"showFog":true,"showSkybox":true,"showFlares":true,"showImageEffects":true,"showParticleSystems":true,"showVisualEffectGraphs":true,"m_FxEnabled":true},"in2DMode":false,"pivot":{"x":0.48373815417289736,"y":0.8983862400054932,"z":-6.254054546356201},"rotation":{"x":-0.07589074969291687,"y":0.48768603801727297,"z":-0.04233374446630478,"w":-0.8688115477561951},"size":5.450368404388428,"orthographic":true}