{"cameraMode":{"drawMode":0,"name":"Shaded","section":"Shading Mode"},"sceneLighting":true,"audioPlay":false,"sceneViewState":{"m_AlwaysRefresh":false,"showFog":true,"showSkybox":true,"showFlares":true,"showImageEffects":true,"showParticleSystems":true,"showVisualEffectGraphs":true,"m_FxEnabled":true},"in2DMode":false,"pivot":{"x":1.1920928955078126e-7,"y":0.5769379138946533,"z":-0.08300894498825073},"rotation":{"x":0.09568332880735398,"y":0.0587957501411438,"z":-0.0058639273047447208,"w":0.9937650561332703},"size":3.207857608795166,"orthographic":true}