{"cameraMode":{"drawMode":0,"name":"Shaded","section":"Shading Mode"},"sceneLighting":true,"audioPlay":false,"sceneViewState":{"m_AlwaysRefresh":false,"showFog":true,"showSkybox":true,"showFlares":true,"showImageEffects":true,"showParticleSystems":true,"showVisualEffectGraphs":true,"m_FxEnabled":true},"in2DMode":false,"pivot":{"x":1.8098489046096802,"y":0.36372074484825137,"z":0.8036069869995117},"rotation":{"x":0.17896071076393128,"y":-0.034579575061798099,"z":0.005779901519417763,"w":0.9833651185035706},"size":4.2207417488098148,"orthographic":true}