{"cameraMode":{"drawMode":0,"name":"Shaded","section":"Shading Mode"},"sceneLighting":true,"audioPlay":false,"sceneViewState":{"m_AlwaysRefresh":false,"showFog":true,"showSkybox":true,"showFlares":true,"showImageEffects":true,"showParticleSystems":true,"showVisualEffectGraphs":true,"m_FxEnabled":true},"in2DMode":false,"pivot":{"x":-0.8744592070579529,"y":1.0382143259048463,"z":-2.0924301147460939},"rotation":{"x":0.03177164867520332,"y":-0.9448034763336182,"z":0.09517943859100342,"w":0.3122570812702179},"size":2.9998462200164797,"orthographic":true}