{"cameraMode":{"drawMode":0,"name":"Shaded","section":"Shading Mode"},"sceneLighting":true,"audioPlay":false,"sceneViewState":{"m_AlwaysRefresh":false,"showFog":true,"showSkybox":true,"showFlares":true,"showImageEffects":true,"showParticleSystems":true,"showVisualEffectGraphs":true,"m_FxEnabled":true},"in2DMode":false,"pivot":{"x":-3.2752726078033449,"y":3.079918622970581,"z":4.945767402648926},"rotation":{"x":0.06794897466897965,"y":0.9197224974632263,"z":-0.18461644649505616,"w":0.3399539291858673},"size":2.5441935062408449,"orthographic":true}