{"cameraMode":{"drawMode":0,"name":"Shaded","section":"Shading Mode"},"sceneLighting":true,"audioPlay":false,"sceneViewState":{"m_AlwaysRefresh":false,"showFog":true,"showSkybox":true,"showFlares":true,"showImageEffects":true,"showParticleSystems":true,"showVisualEffectGraphs":true,"m_FxEnabled":true},"in2DMode":false,"pivot":{"x":47.913673400878909,"y":15.87722396850586,"z":45.394935607910159},"rotation":{"x":0.31129440665245058,"y":-0.002192790387198329,"z":-0.00005392087041400373,"w":0.9504815936088562},"size":46.107276916503909,"orthographic":true}