{"cameraMode":{"drawMode":0,"name":"Shaded","section":"Shading Mode"},"sceneLighting":true,"audioPlay":false,"sceneViewState":{"m_AlwaysRefresh":false,"showFog":true,"showSkybox":true,"showFlares":true,"showImageEffects":true,"showParticleSystems":true,"showVisualEffectGraphs":true,"m_FxEnabled":true},"in2DMode":false,"pivot":{"x":0.3719816207885742,"y":0.6898002624511719,"z":-1.5580496788024903},"rotation":{"x":-0.008999443612992764,"y":-0.004522659350186586,"z":0.00022603373508900404,"w":-1.0000593662261963},"size":4.271298408508301,"orthographic":true}