{"cameraMode":{"drawMode":0,"name":"Shaded","section":"Shading Mode"},"sceneLighting":true,"audioPlay":false,"sceneViewState":{"m_AlwaysRefresh":false,"showFog":true,"showSkybox":true,"showFlares":true,"showImageEffects":true,"showParticleSystems":true,"showVisualEffectGraphs":true,"m_FxEnabled":true},"in2DMode":false,"pivot":{"x":1.1920928955078126e-7,"y":0.5769379138946533,"z":-0.08300894498825073},"rotation":{"x":0.09117700159549713,"y":0.0647885799407959,"z":-0.006106576416641474,"w":0.9938088059425354},"size":1.395209789276123,"orthographic":true}