{"cameraMode":{"drawMode":0,"name":"Shaded","section":"Shading Mode"},"sceneLighting":true,"audioPlay":false,"sceneViewState":{"m_AlwaysRefresh":false,"showFog":true,"showSkybox":true,"showFlares":true,"showImageEffects":true,"showParticleSystems":true,"showVisualEffectGraphs":true,"m_FxEnabled":true},"in2DMode":false,"pivot":{"x":-0.05864755064249039,"y":0.8922309875488281,"z":0.4863419532775879},"rotation":{"x":0.005729042459279299,"y":-0.9901829361915588,"z":0.13329316675662995,"w":0.04252607747912407},"size":0.9389528632164002,"orthographic":false}