{"cameraMode":{"drawMode":0,"name":"Shaded","section":"Shading Mode"},"sceneLighting":true,"audioPlay":false,"sceneViewState":{"m_AlwaysRefresh":false,"showFog":true,"showSkybox":true,"showFlares":true,"showImageEffects":true,"showParticleSystems":true,"showVisualEffectGraphs":true,"m_FxEnabled":true},"in2DMode":false,"pivot":{"x":-0.6132524609565735,"y":1.3945907354354859,"z":-1.0238397121429444},"rotation":{"x":-0.06962405145168305,"y":0.7731198072433472,"z":-0.08616013079881668,"w":-0.6245517134666443},"size":3.359464168548584,"orthographic":true}