{"cameraMode":{"drawMode":0,"name":"Shaded","section":"Shading Mode"},"sceneLighting":true,"audioPlay":false,"sceneViewState":{"m_AlwaysRefresh":false,"showFog":true,"showSkybox":true,"showFlares":true,"showImageEffects":true,"showParticleSystems":true,"showVisualEffectGraphs":true,"m_FxEnabled":true},"in2DMode":false,"pivot":{"x":-0.32019859552383425,"y":1.4688509702682496,"z":-0.5002061724662781},"rotation":{"x":0.08838143944740296,"y":-0.008669299073517323,"z":0.0007693245424889028,"w":0.9960508346557617},"size":2.4670467376708986,"orthographic":true}