{"cameraMode":{"drawMode":0,"name":"Shaded","section":"Shading Mode"},"sceneLighting":true,"audioPlay":false,"sceneViewState":{"m_AlwaysRefresh":false,"showFog":true,"showSkybox":true,"showFlares":true,"showImageEffects":true,"showParticleSystems":true,"showVisualEffectGraphs":true,"m_FxEnabled":true},"in2DMode":false,"pivot":{"x":1433.975830078125,"y":739.3219604492188,"z":-16.96314811706543},"rotation":{"x":-0.004508567973971367,"y":0.05427638068795204,"z":-0.000017984199075726792,"w":0.9985958933830261},"size":577.6085205078125,"orthographic":true}