{"cameraMode":{"drawMode":0,"name":"Shaded","section":"Shading Mode"},"sceneLighting":true,"audioPlay":false,"sceneViewState":{"m_AlwaysRefresh":false,"showFog":true,"showSkybox":true,"showFlares":true,"showImageEffects":true,"showParticleSystems":true,"showVisualEffectGraphs":true,"m_FxEnabled":true},"in2DMode":false,"pivot":{"x":-0.000041484832763671875,"y":0.9299392700195313,"z":0.026116162538528444},"rotation":{"x":-0.20996057987213136,"y":-0.0013250282499939204,"z":0.0011073988862335682,"w":-0.9778751134872437},"size":2.2593562602996828,"orthographic":true}