{"cameraMode":{"drawMode":0,"name":"Shaded","section":"Shading Mode"},"sceneLighting":true,"audioPlay":false,"sceneViewState":{"m_AlwaysRefresh":false,"showFog":true,"showSkybox":true,"showFlares":true,"showImageEffects":true,"showParticleSystems":true,"showVisualEffectGraphs":true,"m_FxEnabled":true},"in2DMode":false,"pivot":{"x":-0.15513555705547334,"y":0.7882091999053955,"z":0.7712998390197754},"rotation":{"x":0.16130410134792329,"y":0.00828172080218792,"z":-0.0016112963203340769,"w":0.9869903922080994},"size":3.053699254989624,"orthographic":true}